{
  "total_poems": 40,
  "emotion_distribution": {
    "思乡怀人": 34,
    "爱情婚姻": 15,
    "闲适愉悦": 7,
    "山水田园": 13,
    "感慨伤怀": 16,
    "边塞战争": 9,
    "壮志豪情": 12,
    "咏史怀古": 4
  },
  "top_emotions": {
    "思乡怀人": 34,
    "感慨伤怀": 16,
    "爱情婚姻": 15,
    "山水田园": 13,
    "壮志豪情": 12,
    "边塞战争": 9,
    "闲适愉悦": 7,
    "咏史怀古": 4
  },
  "tang_poems_count": 20,
  "song_poems_count": 20
}